{"val_loss": 4.2383575439453125, "val_energy_U0_MAE": 1.6243681907653809, "epoch": 4, "trainer/global_step": 49, "_timestamp": 1684429690.2308419, "_runtime": 42.408920764923096, "_step": 5, "train_loss": 4.535559177398682, "train_energy_U0_MAE": 1.6978322267532349, "_wandb": {"runtime": 41}}